{
  "enrollments": [
    {
      "memberId": "M1729012370031",
      "programId": "T100",
      "subscriptiontype": "monthlySubscription",
      "enrollmentDate": "2024-10-06",
      "nxtDueDate": "2024-11-06",
      "id": "5c87"
    },
    {
      "id": "e48d",
      "memberId": "M1729017849281",
      "programId": "T100",
      "subscriptiontype": "annualSubscription",
      "enrollmentDate": "2024-10-16",
      "nxtDueDate": "2025-10-16"
    }
  ],
  "members": [
    {
      "id": "M1729012370031",
      "nicNumber": "N/A",
      "address": "Colombo",
      "dob": "2000-01-01",
      "contactNo": "89572398579",
      "email": "gshaj@yfgudg",
      "fname": "john",
      "lname": "doe",
      "age": "20",
      "gender": "male",
      "height": "175",
      "weight": "84",
      "admissionDate": "2024-10-15",
      "userId": "GM100000"
    },
    {
      "id": "M1729017849281",
      "nicNumber": "200076902194",
      "address": "Colombo",
      "dob": "2024-10-09",
      "contactNo": "25466",
      "email": "amalista@gmail.com",
      "fname": "ovfgod",
      "lname": "fdo",
      "age": "34",
      "gender": "other",
      "height": "43",
      "weight": "34",
      "admissionDate": "2024-10-16",
      "userId": "GM100001"
    }
  ],
  "users": [
    {
      "id": "351e",
      "userId": "GM100000",
      "userRole": "member",
      "password": "3431356"
    },
    {
      "id": "GM100001",
      "userRole": "member",
      "password": "0145305125"
    }
  ],
  "workoutPrograms": [
    {
      "createdDate": "2024-10-15",
      "description": "Aerobics help you to improve your flexibility and also improve your stamina. ",
      "id": "T100",
      "programStatus": true,
      "title": "Aerobics",
      "initalFee": "1000",
      "monthlyFee": "2000",
      "annualFee": "6000"
    },
    {
      "id": "T101",
      "title": "Running",
      "description": "Running can help you to loose weight and improve your health\n                ",
      "programStatus": true,
      "createdDate": "2024-10-16",
      "initalFee": "500",
      "monthlyFee": "1000",
      "annualFee": "5000"
    }
  ],
  "payments": [
    {
      "date": "2024-10-15",
      "details": "initial fees",
      "feeType": "initial Fee",
      "amount": 1000,
      "memberId": "M1729012370031"
    },
    {
      "id": "a750",
      "date": "2024-10-16",
      "details": "annual fees Aerobics",
      "feeType": "Annual fee",
      "amount": "6000",
      "memberId": "M1729017849281"
    }
  ]
}